asset_id,name,services,value_band,likelihood_band,data_lifetime_years,protection_class,harvest_band,turnover_per_year,migration_time_years,evidence_for_zeroing,rationale,provenance
O01,Pediatric clinical records (encounters and observations of minors),"openmrs-core;MySQL;REST/FHIR clients",SEVERE,UNLIKELY,30,ECDH_P256,HIGH,0.08,3,,"State rules retain minors' records to age of majority plus limitation period; one cited state keeps them until age 30 [VERIFY]. Clinics reach the server over the public internet via HTTPS.",ASSUMED_FROM_PUBLIC_DOCS
O02,Adult clinical records (encounters orders and observations),"openmrs-core;MySQL;REST/FHIR clients",SEVERE,UNLIKELY,10,ECDH_P256,HIGH,0.10,2,,"Adult clinical retention typically 5-10 years after last service [VERIFY].",ASSUMED_FROM_PUBLIC_DOCS
O03,Highly sensitive categories (HIV status; mental health; genetic),"openmrs-core;program modules",SEVERE,UNLIKELY,30,ECDH_P256,HIGH,0.05,3,,"Confidentiality is effectively lifelong; capped at 30y because the CRQC model is extrapolated beyond that.",ASSUMED_FROM_PUBLIC_DOCS
O04,Patient identifiers and demographics,"openmrs-core;MySQL",HIGH,POSSIBLE,30,ECDH_P256,HIGH,0.10,2,,"Identity persists for the patient's lifetime; frequently scraped or enumerated.",ASSUMED_FROM_PUBLIC_DOCS
O05,User credentials and session tokens,"openmrs-core;REST API",LOW,LIKELY,0.0001,ECDH_P256,FULL,,0.5,,"Session lifetime in hours. Control case: the quantum leg must vanish.",ASSUMED_FROM_PUBLIC_DOCS
O06,Lab and referral results exchanged with external systems (HL7/FHIR),"FHIR module;external labs",HIGH,POSSIBLE,10,ECDH_P256,HIGH,1.0,1,,"New results arrive continuously; every record crosses an organisational boundary.",ASSUMED_FROM_PUBLIC_DOCS
O07,Concept dictionary and metadata (published terminology),"openmrs-core",NEGLIGIBLE,POSSIBLE,0,ECDH_P256,FULL,,0.5,"Terminology dictionaries are published openly; no confidentiality requirement.","Control case: both legs must vanish.",ASSUMED_FROM_PUBLIC_DOCS
O08,Off-site backups and replicas of the clinical database,"backup tooling;object storage",SEVERE,RARE,30,ECDH_P256,PARTIAL,0.10,3,,"Long-retention copies replicated over partly exposed paths; rarely attacked directly.",ASSUMED_FROM_PUBLIC_DOCS
O09,Application to database link inside the data centre,"openmrs-core;MySQL",SEVERE,UNLIKELY,10,NONE,LOW,0.10,1,,"MySQL connections are unencrypted unless configured [VERIFY]. No quantum-vulnerable key exchange to attack.",ASSUMED_FROM_PUBLIC_DOCS
O10,Facility-to-facility patient data transfer,"patient data transfer module",HIGH,POSSIBLE,10,ECDH_P256,HIGH,0.20,2,,"Documented as TLS with mutual certificate authentication between clinics [VERIFY]; crosses the internet.",ASSUMED_FROM_PUBLIC_DOCS
